[
{
  "model": "auth.user",
  "pk": 1,
  "fields": {
    "password": "pbkdf2_sha256$600000$ijxomkP9T6Hi1SAlOTQULf$YRtd6r9JD/qUYif9MJRqF3DRtlbPQ+73o8qSDSzUXs8=",
    "last_login": "2025-09-27T16:04:52.879Z",
    "is_superuser": true,
    "username": "admin_alex",
    "first_name": "",
    "last_name": "",
    "email": "admin@gmail.com",
    "is_staff": true,
    "is_active": true,
    "date_joined": "2025-09-26T16:01:03.702Z",
    "groups": [],
    "user_permissions": []
  }
},
{
  "model": "auth.user",
  "pk": 2,
  "fields": {
    "password": "pbkdf2_sha256$600000$YjVeBhUNVLaE5Cuxq43JOy$SZ1TsSlhuv3YgboH8f0vWXLo/UV24CpaJTdtW4WFw7Y=",
    "last_login": "2025-09-27T14:52:18.085Z",
    "is_superuser": false,
    "username": "alex",
    "first_name": "",
    "last_name": "",
    "email": "",
    "is_staff": false,
    "is_active": true,
    "date_joined": "2025-09-26T16:02:53Z",
    "groups": [],
    "user_permissions": []
  }
},
{
  "model": "auth.user",
  "pk": 3,
  "fields": {
    "password": "pbkdf2_sha256$600000$bkqMKwT81XY3iIZN6zg3xU$EdDmdEz4BN2LANQdB6J0OIlPRUDF9w3n/LF6g6mWZww=",
    "last_login": null,
    "is_superuser": false,
    "username": "juanita",
    "first_name": "",
    "last_name": "",
    "email": "",
    "is_staff": false,
    "is_active": true,
    "date_joined": "2025-09-27T16:15:55Z",
    "groups": [],
    "user_permissions": []
  }
},
{
  "model": "auth.user",
  "pk": 4,
  "fields": {
    "password": "pbkdf2_sha256$600000$OoW4iRv0auGlmjVkm7fyQW$mR/Mjc40adsydiKDMwqTmZj7+ibE9Nmti5rFkfkcLBM=",
    "last_login": null,
    "is_superuser": false,
    "username": "madelen",
    "first_name": "",
    "last_name": "",
    "email": "",
    "is_staff": false,
    "is_active": true,
    "date_joined": "2025-09-27T16:25:06Z",
    "groups": [],
    "user_permissions": []
  }
},
{
  "model": "auth.permission",
  "pk": 1,
  "fields": {
    "name": "Can add log entry",
    "content_type": 1,
    "codename": "add_logentry"
  }
},
{
  "model": "auth.permission",
  "pk": 2,
  "fields": {
    "name": "Can change log entry",
    "content_type": 1,
    "codename": "change_logentry"
  }
},
{
  "model": "auth.permission",
  "pk": 3,
  "fields": {
    "name": "Can delete log entry",
    "content_type": 1,
    "codename": "delete_logentry"
  }
},
{
  "model": "auth.permission",
  "pk": 4,
  "fields": {
    "name": "Can view log entry",
    "content_type": 1,
    "codename": "view_logentry"
  }
},
{
  "model": "auth.permission",
  "pk": 5,
  "fields": {
    "name": "Can add permission",
    "content_type": 2,
    "codename": "add_permission"
  }
},
{
  "model": "auth.permission",
  "pk": 6,
  "fields": {
    "name": "Can change permission",
    "content_type": 2,
    "codename": "change_permission"
  }
},
{
  "model": "auth.permission",
  "pk": 7,
  "fields": {
    "name": "Can delete permission",
    "content_type": 2,
    "codename": "delete_permission"
  }
},
{
  "model": "auth.permission",
  "pk": 8,
  "fields": {
    "name": "Can view permission",
    "content_type": 2,
    "codename": "view_permission"
  }
},
{
  "model": "auth.permission",
  "pk": 9,
  "fields": {
    "name": "Can add group",
    "content_type": 3,
    "codename": "add_group"
  }
},
{
  "model": "auth.permission",
  "pk": 10,
  "fields": {
    "name": "Can change group",
    "content_type": 3,
    "codename": "change_group"
  }
},
{
  "model": "auth.permission",
  "pk": 11,
  "fields": {
    "name": "Can delete group",
    "content_type": 3,
    "codename": "delete_group"
  }
},
{
  "model": "auth.permission",
  "pk": 12,
  "fields": {
    "name": "Can view group",
    "content_type": 3,
    "codename": "view_group"
  }
},
{
  "model": "auth.permission",
  "pk": 13,
  "fields": {
    "name": "Can add user",
    "content_type": 4,
    "codename": "add_user"
  }
},
{
  "model": "auth.permission",
  "pk": 14,
  "fields": {
    "name": "Can change user",
    "content_type": 4,
    "codename": "change_user"
  }
},
{
  "model": "auth.permission",
  "pk": 15,
  "fields": {
    "name": "Can delete user",
    "content_type": 4,
    "codename": "delete_user"
  }
},
{
  "model": "auth.permission",
  "pk": 16,
  "fields": {
    "name": "Can view user",
    "content_type": 4,
    "codename": "view_user"
  }
},
{
  "model": "auth.permission",
  "pk": 17,
  "fields": {
    "name": "Can add content type",
    "content_type": 5,
    "codename": "add_contenttype"
  }
},
{
  "model": "auth.permission",
  "pk": 18,
  "fields": {
    "name": "Can change content type",
    "content_type": 5,
    "codename": "change_contenttype"
  }
},
{
  "model": "auth.permission",
  "pk": 19,
  "fields": {
    "name": "Can delete content type",
    "content_type": 5,
    "codename": "delete_contenttype"
  }
},
{
  "model": "auth.permission",
  "pk": 20,
  "fields": {
    "name": "Can view content type",
    "content_type": 5,
    "codename": "view_contenttype"
  }
},
{
  "model": "auth.permission",
  "pk": 21,
  "fields": {
    "name": "Can add session",
    "content_type": 6,
    "codename": "add_session"
  }
},
{
  "model": "auth.permission",
  "pk": 22,
  "fields": {
    "name": "Can change session",
    "content_type": 6,
    "codename": "change_session"
  }
},
{
  "model": "auth.permission",
  "pk": 23,
  "fields": {
    "name": "Can delete session",
    "content_type": 6,
    "codename": "delete_session"
  }
},
{
  "model": "auth.permission",
  "pk": 24,
  "fields": {
    "name": "Can view session",
    "content_type": 6,
    "codename": "view_session"
  }
},
{
  "model": "auth.permission",
  "pk": 25,
  "fields": {
    "name": "Can add Token",
    "content_type": 7,
    "codename": "add_token"
  }
},
{
  "model": "auth.permission",
  "pk": 26,
  "fields": {
    "name": "Can change Token",
    "content_type": 7,
    "codename": "change_token"
  }
},
{
  "model": "auth.permission",
  "pk": 27,
  "fields": {
    "name": "Can delete Token",
    "content_type": 7,
    "codename": "delete_token"
  }
},
{
  "model": "auth.permission",
  "pk": 28,
  "fields": {
    "name": "Can view Token",
    "content_type": 7,
    "codename": "view_token"
  }
},
{
  "model": "auth.permission",
  "pk": 29,
  "fields": {
    "name": "Can add Token",
    "content_type": 8,
    "codename": "add_tokenproxy"
  }
},
{
  "model": "auth.permission",
  "pk": 30,
  "fields": {
    "name": "Can change Token",
    "content_type": 8,
    "codename": "change_tokenproxy"
  }
},
{
  "model": "auth.permission",
  "pk": 31,
  "fields": {
    "name": "Can delete Token",
    "content_type": 8,
    "codename": "delete_tokenproxy"
  }
},
{
  "model": "auth.permission",
  "pk": 32,
  "fields": {
    "name": "Can view Token",
    "content_type": 8,
    "codename": "view_tokenproxy"
  }
},
{
  "model": "auth.permission",
  "pk": 33,
  "fields": {
    "name": "Can add categoria",
    "content_type": 9,
    "codename": "add_categoria"
  }
},
{
  "model": "auth.permission",
  "pk": 34,
  "fields": {
    "name": "Can change categoria",
    "content_type": 9,
    "codename": "change_categoria"
  }
},
{
  "model": "auth.permission",
  "pk": 35,
  "fields": {
    "name": "Can delete categoria",
    "content_type": 9,
    "codename": "delete_categoria"
  }
},
{
  "model": "auth.permission",
  "pk": 36,
  "fields": {
    "name": "Can view categoria",
    "content_type": 9,
    "codename": "view_categoria"
  }
},
{
  "model": "auth.permission",
  "pk": 37,
  "fields": {
    "name": "Can add cliente",
    "content_type": 10,
    "codename": "add_cliente"
  }
},
{
  "model": "auth.permission",
  "pk": 38,
  "fields": {
    "name": "Can change cliente",
    "content_type": 10,
    "codename": "change_cliente"
  }
},
{
  "model": "auth.permission",
  "pk": 39,
  "fields": {
    "name": "Can delete cliente",
    "content_type": 10,
    "codename": "delete_cliente"
  }
},
{
  "model": "auth.permission",
  "pk": 40,
  "fields": {
    "name": "Can view cliente",
    "content_type": 10,
    "codename": "view_cliente"
  }
},
{
  "model": "auth.permission",
  "pk": 41,
  "fields": {
    "name": "Can add compra",
    "content_type": 11,
    "codename": "add_compra"
  }
},
{
  "model": "auth.permission",
  "pk": 42,
  "fields": {
    "name": "Can change compra",
    "content_type": 11,
    "codename": "change_compra"
  }
},
{
  "model": "auth.permission",
  "pk": 43,
  "fields": {
    "name": "Can delete compra",
    "content_type": 11,
    "codename": "delete_compra"
  }
},
{
  "model": "auth.permission",
  "pk": 44,
  "fields": {
    "name": "Can view compra",
    "content_type": 11,
    "codename": "view_compra"
  }
},
{
  "model": "auth.permission",
  "pk": 45,
  "fields": {
    "name": "Can add Configuración",
    "content_type": 12,
    "codename": "add_configuracion"
  }
},
{
  "model": "auth.permission",
  "pk": 46,
  "fields": {
    "name": "Can change Configuración",
    "content_type": 12,
    "codename": "change_configuracion"
  }
},
{
  "model": "auth.permission",
  "pk": 47,
  "fields": {
    "name": "Can delete Configuración",
    "content_type": 12,
    "codename": "delete_configuracion"
  }
},
{
  "model": "auth.permission",
  "pk": 48,
  "fields": {
    "name": "Can view Configuración",
    "content_type": 12,
    "codename": "view_configuracion"
  }
},
{
  "model": "auth.permission",
  "pk": 49,
  "fields": {
    "name": "Can add proveedor",
    "content_type": 13,
    "codename": "add_proveedor"
  }
},
{
  "model": "auth.permission",
  "pk": 50,
  "fields": {
    "name": "Can change proveedor",
    "content_type": 13,
    "codename": "change_proveedor"
  }
},
{
  "model": "auth.permission",
  "pk": 51,
  "fields": {
    "name": "Can delete proveedor",
    "content_type": 13,
    "codename": "delete_proveedor"
  }
},
{
  "model": "auth.permission",
  "pk": 52,
  "fields": {
    "name": "Can view proveedor",
    "content_type": 13,
    "codename": "view_proveedor"
  }
},
{
  "model": "auth.permission",
  "pk": 53,
  "fields": {
    "name": "Can add venta",
    "content_type": 14,
    "codename": "add_venta"
  }
},
{
  "model": "auth.permission",
  "pk": 54,
  "fields": {
    "name": "Can change venta",
    "content_type": 14,
    "codename": "change_venta"
  }
},
{
  "model": "auth.permission",
  "pk": 55,
  "fields": {
    "name": "Can delete venta",
    "content_type": 14,
    "codename": "delete_venta"
  }
},
{
  "model": "auth.permission",
  "pk": 56,
  "fields": {
    "name": "Can view venta",
    "content_type": 14,
    "codename": "view_venta"
  }
},
{
  "model": "auth.permission",
  "pk": 57,
  "fields": {
    "name": "Can add producto",
    "content_type": 15,
    "codename": "add_producto"
  }
},
{
  "model": "auth.permission",
  "pk": 58,
  "fields": {
    "name": "Can change producto",
    "content_type": 15,
    "codename": "change_producto"
  }
},
{
  "model": "auth.permission",
  "pk": 59,
  "fields": {
    "name": "Can delete producto",
    "content_type": 15,
    "codename": "delete_producto"
  }
},
{
  "model": "auth.permission",
  "pk": 60,
  "fields": {
    "name": "Can view producto",
    "content_type": 15,
    "codename": "view_producto"
  }
},
{
  "model": "auth.permission",
  "pk": 61,
  "fields": {
    "name": "Can add notificacion",
    "content_type": 16,
    "codename": "add_notificacion"
  }
},
{
  "model": "auth.permission",
  "pk": 62,
  "fields": {
    "name": "Can change notificacion",
    "content_type": 16,
    "codename": "change_notificacion"
  }
},
{
  "model": "auth.permission",
  "pk": 63,
  "fields": {
    "name": "Can delete notificacion",
    "content_type": 16,
    "codename": "delete_notificacion"
  }
},
{
  "model": "auth.permission",
  "pk": 64,
  "fields": {
    "name": "Can view notificacion",
    "content_type": 16,
    "codename": "view_notificacion"
  }
},
{
  "model": "auth.permission",
  "pk": 65,
  "fields": {
    "name": "Can add factura",
    "content_type": 17,
    "codename": "add_factura"
  }
},
{
  "model": "auth.permission",
  "pk": 66,
  "fields": {
    "name": "Can change factura",
    "content_type": 17,
    "codename": "change_factura"
  }
},
{
  "model": "auth.permission",
  "pk": 67,
  "fields": {
    "name": "Can delete factura",
    "content_type": 17,
    "codename": "delete_factura"
  }
},
{
  "model": "auth.permission",
  "pk": 68,
  "fields": {
    "name": "Can view factura",
    "content_type": 17,
    "codename": "view_factura"
  }
},
{
  "model": "auth.permission",
  "pk": 69,
  "fields": {
    "name": "Can add detalle venta",
    "content_type": 18,
    "codename": "add_detalleventa"
  }
},
{
  "model": "auth.permission",
  "pk": 70,
  "fields": {
    "name": "Can change detalle venta",
    "content_type": 18,
    "codename": "change_detalleventa"
  }
},
{
  "model": "auth.permission",
  "pk": 71,
  "fields": {
    "name": "Can delete detalle venta",
    "content_type": 18,
    "codename": "delete_detalleventa"
  }
},
{
  "model": "auth.permission",
  "pk": 72,
  "fields": {
    "name": "Can view detalle venta",
    "content_type": 18,
    "codename": "view_detalleventa"
  }
},
{
  "model": "auth.permission",
  "pk": 73,
  "fields": {
    "name": "Can add detalle compra",
    "content_type": 19,
    "codename": "add_detallecompra"
  }
},
{
  "model": "auth.permission",
  "pk": 74,
  "fields": {
    "name": "Can change detalle compra",
    "content_type": 19,
    "codename": "change_detallecompra"
  }
},
{
  "model": "auth.permission",
  "pk": 75,
  "fields": {
    "name": "Can delete detalle compra",
    "content_type": 19,
    "codename": "delete_detallecompra"
  }
},
{
  "model": "auth.permission",
  "pk": 76,
  "fields": {
    "name": "Can view detalle compra",
    "content_type": 19,
    "codename": "view_detallecompra"
  }
},
{
  "model": "auth.permission",
  "pk": 77,
  "fields": {
    "name": "Can add Backup Manager",
    "content_type": 20,
    "codename": "add_backupmanager"
  }
},
{
  "model": "auth.permission",
  "pk": 78,
  "fields": {
    "name": "Can change Backup Manager",
    "content_type": 20,
    "codename": "change_backupmanager"
  }
},
{
  "model": "auth.permission",
  "pk": 79,
  "fields": {
    "name": "Can delete Backup Manager",
    "content_type": 20,
    "codename": "delete_backupmanager"
  }
},
{
  "model": "auth.permission",
  "pk": 80,
  "fields": {
    "name": "Can view Backup Manager",
    "content_type": 20,
    "codename": "view_backupmanager"
  }
},
{
  "model": "auth.permission",
  "pk": 81,
  "fields": {
    "name": "Can add trabajo",
    "content_type": 21,
    "codename": "add_trabajo"
  }
},
{
  "model": "auth.permission",
  "pk": 82,
  "fields": {
    "name": "Can change trabajo",
    "content_type": 21,
    "codename": "change_trabajo"
  }
},
{
  "model": "auth.permission",
  "pk": 83,
  "fields": {
    "name": "Can delete trabajo",
    "content_type": 21,
    "codename": "delete_trabajo"
  }
},
{
  "model": "auth.permission",
  "pk": 84,
  "fields": {
    "name": "Can view trabajo",
    "content_type": 21,
    "codename": "view_trabajo"
  }
},
{
  "model": "inventario.cliente",
  "pk": 1,
  "fields": {
    "nombre": "alex",
    "apellido": "gutierrez",
    "nit_ci": "10529221",
    "direccion": "Villa Amanecer Sin Denominación",
    "telefono": "78629664",
    "email": "gutierrezcardenasalex@gmail.com"
  }
},
{
  "model": "inventario.cliente",
  "pk": 2,
  "fields": {
    "nombre": "maily",
    "apellido": "aleman",
    "nit_ci": "661051561",
    "direccion": "calle sucre",
    "telefono": "66999889",
    "email": "maily@gmail.com"
  }
},
{
  "model": "inventario.proveedor",
  "pk": 1,
  "fields": {
    "nombre": "juan beltran",
    "contacto": "78629646",
    "direccion": "vill",
    "telefono": "794644894",
    "email": null
  }
},
{
  "model": "inventario.categoria",
  "pk": 1,
  "fields": {
    "nombre": "laptos",
    "descripcion": "comida"
  }
},
{
  "model": "inventario.categoria",
  "pk": 2,
  "fields": {
    "nombre": "comida",
    "descripcion": ""
  }
},
{
  "model": "inventario.categoria",
  "pk": 3,
  "fields": {
    "nombre": "celulares",
    "descripcion": "tecnologia"
  }
},
{
  "model": "inventario.producto",
  "pk": 1,
  "fields": {
    "nombre": "iphone 14 pro max",
    "descripcion": "ultima gama",
    "precio_venta": "750.00",
    "precio_compra": "500.00",
    "cantidad": 12,
    "categoria": 3,
    "unidad_medida": "tecnologica",
    "ganancia": "50.00"
  }
},
{
  "model": "inventario.producto",
  "pk": 2,
  "fields": {
    "nombre": "iphone 17 pro max",
    "descripcion": "cell",
    "precio_venta": "3000.00",
    "precio_compra": "2000.00",
    "cantidad": 25,
    "categoria": 3,
    "unidad_medida": "casc",
    "ganancia": "50.00"
  }
},
{
  "model": "inventario.producto",
  "pk": 3,
  "fields": {
    "nombre": "alex",
    "descripcion": "jejej",
    "precio_venta": "300.00",
    "precio_compra": "200.00",
    "cantidad": 40,
    "categoria": 2,
    "unidad_medida": "metros",
    "ganancia": "50.00"
  }
},
{
  "model": "inventario.compra",
  "pk": 1,
  "fields": {
    "fecha": "2025-09-26",
    "hora": "16:05:15",
    "monto": "10000.00",
    "usuario": 2,
    "proveedor": null
  }
},
{
  "model": "inventario.compra",
  "pk": 2,
  "fields": {
    "fecha": "2025-09-26",
    "hora": "16:15:35",
    "monto": "10000.00",
    "usuario": 2,
    "proveedor": null
  }
},
{
  "model": "inventario.compra",
  "pk": 3,
  "fields": {
    "fecha": "2025-09-26",
    "hora": "16:18:01",
    "monto": "10000.00",
    "usuario": 2,
    "proveedor": null
  }
},
{
  "model": "inventario.compra",
  "pk": 4,
  "fields": {
    "fecha": "2025-10-01",
    "hora": "16:32:12",
    "monto": "1000.00",
    "usuario": 1,
    "proveedor": null
  }
},
{
  "model": "inventario.compra",
  "pk": 5,
  "fields": {
    "fecha": "2025-10-02",
    "hora": "02:50:31",
    "monto": "500.00",
    "usuario": 1,
    "proveedor": null
  }
},
{
  "model": "inventario.compra",
  "pk": 6,
  "fields": {
    "fecha": "2025-10-02",
    "hora": "02:55:12",
    "monto": "500.00",
    "usuario": 1,
    "proveedor": null
  }
},
{
  "model": "inventario.compra",
  "pk": 7,
  "fields": {
    "fecha": "2025-10-02",
    "hora": "03:00:35",
    "monto": "500.00",
    "usuario": 1,
    "proveedor": null
  }
},
{
  "model": "inventario.compra",
  "pk": 8,
  "fields": {
    "fecha": "2025-10-02",
    "hora": "03:01:55",
    "monto": "500.00",
    "usuario": 1,
    "proveedor": null
  }
},
{
  "model": "inventario.compra",
  "pk": 9,
  "fields": {
    "fecha": "2025-10-02",
    "hora": "03:07:53",
    "monto": "10000.00",
    "usuario": 1,
    "proveedor": null
  }
},
{
  "model": "inventario.compra",
  "pk": 10,
  "fields": {
    "fecha": "2025-10-02",
    "hora": "03:11:00",
    "monto": "5000.00",
    "usuario": 1,
    "proveedor": null
  }
},
{
  "model": "inventario.compra",
  "pk": 11,
  "fields": {
    "fecha": "2025-10-03",
    "hora": "03:21:38",
    "monto": "100.00",
    "usuario": 1,
    "proveedor": null
  }
},
{
  "model": "inventario.compra",
  "pk": 12,
  "fields": {
    "fecha": "2025-10-03",
    "hora": "03:22:20",
    "monto": "1000.00",
    "usuario": 1,
    "proveedor": null
  }
},
{
  "model": "inventario.compra",
  "pk": 13,
  "fields": {
    "fecha": "2025-10-03",
    "hora": "22:57:12",
    "monto": "42000.00",
    "usuario": 1,
    "proveedor": null
  }
},
{
  "model": "inventario.detallecompra",
  "pk": 1,
  "fields": {
    "compra": 1,
    "producto": 1,
    "cantidad": 10,
    "precio": "1000.00"
  }
},
{
  "model": "inventario.detallecompra",
  "pk": 2,
  "fields": {
    "compra": 2,
    "producto": 2,
    "cantidad": 5,
    "precio": "2000.00"
  }
},
{
  "model": "inventario.detallecompra",
  "pk": 3,
  "fields": {
    "compra": 3,
    "producto": 2,
    "cantidad": 5,
    "precio": "2000.00"
  }
},
{
  "model": "inventario.detallecompra",
  "pk": 4,
  "fields": {
    "compra": 4,
    "producto": 3,
    "cantidad": 10,
    "precio": "100.00"
  }
},
{
  "model": "inventario.detallecompra",
  "pk": 5,
  "fields": {
    "compra": 5,
    "producto": 3,
    "cantidad": 5,
    "precio": "100.00"
  }
},
{
  "model": "inventario.detallecompra",
  "pk": 6,
  "fields": {
    "compra": 6,
    "producto": 3,
    "cantidad": 5,
    "precio": "100.00"
  }
},
{
  "model": "inventario.detallecompra",
  "pk": 7,
  "fields": {
    "compra": 7,
    "producto": 3,
    "cantidad": 5,
    "precio": "100.00"
  }
},
{
  "model": "inventario.detallecompra",
  "pk": 8,
  "fields": {
    "compra": 8,
    "producto": 3,
    "cantidad": 5,
    "precio": "100.00"
  }
},
{
  "model": "inventario.detallecompra",
  "pk": 9,
  "fields": {
    "compra": 9,
    "producto": 2,
    "cantidad": 10,
    "precio": "1000.00"
  }
},
{
  "model": "inventario.detallecompra",
  "pk": 10,
  "fields": {
    "compra": 10,
    "producto": 1,
    "cantidad": 10,
    "precio": "500.00"
  }
},
{
  "model": "inventario.detallecompra",
  "pk": 11,
  "fields": {
    "compra": 11,
    "producto": 3,
    "cantidad": 5,
    "precio": "20.00"
  }
},
{
  "model": "inventario.detallecompra",
  "pk": 12,
  "fields": {
    "compra": 12,
    "producto": 3,
    "cantidad": 5,
    "precio": "200.00"
  }
},
{
  "model": "inventario.venta",
  "pk": 1,
  "fields": {
    "fecha": "2025-09-26",
    "hora": "12:06:58.975",
    "monto": "2400.00",
    "metodo_pago": "efectivo",
    "usuario": 2,
    "cliente": 1
  }
},
{
  "model": "inventario.venta",
  "pk": 2,
  "fields": {
    "fecha": "2025-09-26",
    "hora": "12:07:19.674",
    "monto": "2400.00",
    "metodo_pago": "efectivo",
    "usuario": 2,
    "cliente": 1
  }
},
{
  "model": "inventario.venta",
  "pk": 3,
  "fields": {
    "fecha": "2025-09-27",
    "hora": "12:28:04.399",
    "monto": "7200.00",
    "metodo_pago": "efectivo",
    "usuario": 1,
    "cliente": 1
  }
},
{
  "model": "inventario.venta",
  "pk": 4,
  "fields": {
    "fecha": "2025-10-01",
    "hora": "23:24:04.199",
    "monto": "750.00",
    "metodo_pago": "efectivo",
    "usuario": 1,
    "cliente": 1
  }
},
{
  "model": "inventario.venta",
  "pk": 5,
  "fields": {
    "fecha": "2025-10-01",
    "hora": "23:43:57.499",
    "monto": "1190.00",
    "metodo_pago": "efectivo",
    "usuario": 1,
    "cliente": null
  }
},
{
  "model": "inventario.venta",
  "pk": 6,
  "fields": {
    "fecha": "2025-10-02",
    "hora": "23:20:31.710",
    "monto": "1900.00",
    "metodo_pago": "efectivo",
    "usuario": 1,
    "cliente": null
  }
},
{
  "model": "inventario.venta",
  "pk": 7,
  "fields": {
    "fecha": "2025-10-03",
    "hora": "11:31:46.610",
    "monto": "14400.00",
    "metodo_pago": "efectivo",
    "usuario": 1,
    "cliente": 2
  }
},
{
  "model": "inventario.detalleventa",
  "pk": 1,
  "fields": {
    "venta": 1,
    "producto": 1,
    "cantidad": 2,
    "descuento": "0.00",
    "precio_unitario": "1200.00"
  }
},
{
  "model": "inventario.detalleventa",
  "pk": 2,
  "fields": {
    "venta": 2,
    "producto": 1,
    "cantidad": 2,
    "descuento": "0.00",
    "precio_unitario": "1200.00"
  }
},
{
  "model": "inventario.detalleventa",
  "pk": 3,
  "fields": {
    "venta": 3,
    "producto": 1,
    "cantidad": 2,
    "descuento": "0.00",
    "precio_unitario": "1200.00"
  }
},
{
  "model": "inventario.detalleventa",
  "pk": 4,
  "fields": {
    "venta": 3,
    "producto": 2,
    "cantidad": 2,
    "descuento": "0.00",
    "precio_unitario": "2400.00"
  }
},
{
  "model": "inventario.detalleventa",
  "pk": 5,
  "fields": {
    "venta": 4,
    "producto": 1,
    "cantidad": 1,
    "descuento": "0.00",
    "precio_unitario": "750.00"
  }
},
{
  "model": "inventario.detalleventa",
  "pk": 6,
  "fields": {
    "venta": 5,
    "producto": 2,
    "cantidad": 1,
    "descuento": "10.00",
    "precio_unitario": "1200.00"
  }
},
{
  "model": "inventario.detalleventa",
  "pk": 7,
  "fields": {
    "venta": 6,
    "producto": 1,
    "cantidad": 1,
    "descuento": "20.00",
    "precio_unitario": "750.00"
  }
},
{
  "model": "inventario.detalleventa",
  "pk": 8,
  "fields": {
    "venta": 6,
    "producto": 2,
    "cantidad": 1,
    "descuento": "30.00",
    "precio_unitario": "1200.00"
  }
},
{
  "model": "inventario.detalleventa",
  "pk": 9,
  "fields": {
    "venta": 7,
    "producto": 2,
    "cantidad": 12,
    "descuento": "0.00",
    "precio_unitario": "1200.00"
  }
}
]
